"Id","Name","Title","Location","Rama"
"1","Mahatma Gandhi","Leader","India","Rama"
"2","Rajaji","Governer","Madras","Rama"
"3","T Prakasam","CM","AndhraPradesh","Rama"
"4","NTR","Nataratna","India","Rama"
"5","Albert Eisntein","Physicist","USA","Rama"
"6","Abraham Lincoln","President","USA","Rama"
"7","Dr King","HumanRights","USA","Rama"
"8","Dr Turing","Computer Scientist","Great Britain","Rama"
"9","Sir Isac Newton","Mathematician","London","Rama","United States Of America","Bhale bhaleeeeeee","Freeway design"
"","","","","Rama"
"","","","","Rama"
"","","","","Rama"
"","","","","Rama"
"","","","","Rama","","","","","","","","","","This is test"
"","","","","Rama","","","","","","","","","","","16P-Test"
"","","","","Rama"
"","","","","Rama","","","","","","18K-Test"
"","","","","Rama"
"","","","","Rama","","","","","","","","20M-Test"
"","","","","Rama"
"","","","","Rama"
"","","","","Rama"
"","","","","Rama","","","","","","","24/12-Test"
"","","","","Rama"
"","","","","Rama"
"","","","","Rama"
"","","","","Rama","","","","","28/10-Test","","28/12-Test"
