"s01","s03","s04","s05","s06","spl","s05_BigClinics","s03_Old_Ids","RTUsers","RT_Users_additional","S01 - cmerritt"
"clovato","Barack Obama","Cheese Cake","Montessory School","aanderson","dbenfield","dbenfield","jbrown06","ldavis","",""
"akirkpatrick","lwilson1","mcoakley","dsnyder","bmaranville","barrilittle1","barrilittle1","JCruz","APECKHAM","",""
"enickerson","valenteam1","mdreese","pierpont1","bswisher","kanderson01","kanderson01","jemblom","apunch1","",""
"hsalzsieder","dbrait","medical","mflores","chenderson","wquint1","wquint1","JGonzalez22","ccaskey","",""
"ccurry","drooks","meeccker1","suncoast","chenderson","jzych","jzych","jshaffer808","pcraigmyle01","",""
"cym123","SBRAY","mgoddard","mraducea","clovato","umcrr","","katieo5530","sdorwart","",""
"Ambucor1MLHS","MNM6BWH","mmoore17","lmiguel","cmerritt","mbartels","","kcotten","thartman","",""
"Kmarree","bgarringer","pierpont1","kfarris","cmerritt","Merlin10","","kfarris","troach","",""
"jculiberk","cpowers","rhagenbuch","shitt","dbreaux","smedina","","kpessel2","wburhan","tgolden",""
"sdeWitt","wburhan","SJames","hsalzsieder","dlee01","ahays","","ksinnott","hlavacem01","rsallee",""
"ccurry","dcanup","stclli1","kpessel2","donattoa","vhasfcchanj","","lbarton","hbroome","JElswick123",""
"jslusher","hsalzsi1","tbrunker","lwaters","jculiberk","dbenfield","","lgunderson","jwurst","lbollinger",""
"chenderson","rking","TCollyer","dbollini","kcotten","barrilittle1","","Lhayes","JFischer","jpetersen",""
"AmbuCPPA","yorkrep","theovoskuil02","jemblom","mpage","kanderson01","","lmercuri","Gudrun65","",""
"wajordan","Merlin10","tkc708","rboyles","sradcliff","wquint1","","lmiguel","kandersen","",""
"sradcliff","smedina","Tkleeb","twhitaker","vdummer","jzych","","lwaters","rsallee","rsallee",""
"nbruno","ahays","tkolstrup","asilva","bmaranville","umcrr","","mpage","mharley1","mharley1",""
"kimryan1","ahebert","twhitaker","ksinnott","bswisher","mbartels","","mraducea","eboettner","eboettner",""
"dryckman","sphillips","vdummer","cym123","chenderson","Merlin10","","msheikh","dratliff","dratliff",""
"sperfito","vhasfcchanj","wajordan","tkc708","cmerritt","smedina","","phi","domamb1","domamb1",""
